"l [mm]","t [mm]","Freq [GHz]","dB(S(FloquetPort2:1,FloquetPort1:1)) []"
5,0.2,2,-0.899931502941316
5,0.2,2.1,-0.99879391827307
5,0.2,2.2,-1.10476897905776
5,0.2,2.3,-1.21836753163733
5,0.2,2.4,-1.34017283236199
5,0.2,2.5,-1.4708534849803
5,0.2,2.6,-1.61117918295792
5,0.2,2.7,-1.76203998193193
5,0.2,2.8,-1.92447006010681
5,0.2,2.9,-2.09967724191533
5,0.2,3,-2.28908000113746
5,0.2,3.1,-2.49435428225449
5,0.2,3.2,-2.71749337391498
5,0.2,3.3,-2.96088538097696
5,0.2,3.4,-3.22741480987506
5,0.2,3.5,-3.52059781046942
5,0.2,3.6,-3.84476541930812
5,0.2,3.7,-4.20531704010247
5,0.2,3.8,-4.60907993936585
5,0.2,3.9,-5.06483506150663
5,0.2,4,-5.58411704624472
5,0.2,4.1,-6.18249737127057
5,0.2,4.2,-6.88180230315484
5,0.2,4.3,-7.71441153607467
5,0.2,4.4,-8.73334089662059
5,0.2,4.5,-10.0455749843366
5,0.2,4.6,-11.9989940783876
5,0.2,4.7,-12.5640773029401
5,0.2,4.8,-15.6596275320262
5,0.2,4.9,-20.4832962302595
5,0.2,5,-29.8781778697825
5,0.2,5.1,-21.9065650465231
5,0.2,5.2,-14.8102867102125
5,0.2,5.3,-10.7770119209713
5,0.2,5.4,-13.9595263268725
5,0.2,5.5,-10.423906455041
5,0.2,5.6,-7.92237918348386
5,0.2,5.7,-6.15797168609416
5,0.2,5.8,-4.81074950997077
5,0.2,5.9,-3.7482843488759
5,0.2,6,-2.90146998052856
5,0.2,6.1,-2.22679865749375
5,0.2,6.2,-1.69298343871015
5,0.2,6.3,-1.27553461173143
5,0.2,6.4,-0.954374022358929
5,0.2,6.5,-0.712709122538687
5,0.2,6.6,-0.536434620618424
5,0.2,6.7,-0.413745327257839
5,0.2,6.8,-0.334828548911908
5,0.2,6.9,-0.29158856509465
5,0.2,7,-0.27739161926907
5,0.2,7.1,-0.286832495240834
5,0.2,7.2,-0.315526105444551
5,0.2,7.3,-0.359926146459946
5,0.2,7.4,-0.417170790523238
5,0.2,7.5,-0.484953718496672
5,0.2,7.6,-0.56141781510796
5,0.2,7.7,-0.645068448416477
5,0.2,7.8,-0.734703259084261
5,0.2,7.9,-0.829355622319466
5,0.2,8,-0.928249292597266
5,0.2,8.1,-1.030762119336
5,0.2,8.2,-1.13639708585592
5,0.2,8.3,-1.24475925275238
5,0.2,8.4,-1.35553747348224
5,0.2,8.5,-1.46848999642885
5,0.2,8.6,-1.58343328122448
5,0.2,8.7,-1.70023354887064
5,0.2,8.8,-1.81880077098631
5,0.2,8.9,-1.93908500681632
5,0.2,9,-2.06107525607081
5,0.2,9.1,-2.18480138126491
5,0.2,9.2,-2.3103403026669
5,0.2,9.3,-2.4378288723419
5,0.2,9.4,-2.56748824399333
5,0.2,9.5,-2.69966974787178
5,0.2,9.6,-2.83494436854219
5,0.2,9.7,-2.97428868393554
5,0.2,9.8,-3.11950715101506
5,0.2,9.9,-3.27431019399902
5,0.2,10,-3.44750157365693
5,0.2,10.1,-3.66372321288435
5,0.2,10.2,-3.97326708323412
5,0.2,10.3,-3.8741317911391
5,0.2,10.4,-3.7776064336426
5,0.2,10.5,-3.91740639158396
5,0.2,10.6,-4.07602375700933
5,0.2,10.7,-4.23441724829274
5,0.2,10.8,-4.39203298717026
5,0.2,10.9,-4.54974692688084
5,0.2,11,-4.70831842929966
5,0.2,11.1,-4.86830951448283
5,0.2,11.2,-5.03014461673982
5,0.2,11.3,-5.19416251380575
5,0.2,11.4,-5.36065037172262
5,0.2,11.5,-5.52986522085992
5,0.2,11.6,-5.70204770587621
5,0.2,11.7,-5.87743119654975
5,0.2,11.8,-6.05624810442585
5,0.2,11.9,-6.23873450588555
5,0.2,12,-6.42513374151642
5,0.2,12.1,-6.61569941249944
5,0.2,12.2,-6.81069804923388
5,0.2,12.3,-7.01041164178303
5,0.2,12.4,-7.21514017142607
5,0.2,12.5,-7.42520425383593
5,0.2,12.6,-7.64094798932432
5,0.2,12.7,-7.86274210974399
5,0.2,12.8,-8.09098751253713
5,0.2,12.9,-8.32611927881067
5,0.2,13,-8.56861128374909
5,0.2,13.1,-8.81898152428855
5,0.2,13.2,-9.07779831142794
5,0.2,13.3,-9.34568750401991
5,0.2,13.4,-9.62334099914727
5,0.2,13.5,-9.91152674378347
5,0.2,13.6,-10.211100596922
5,0.2,13.7,-10.523020455708
5,0.2,13.8,-10.8483631702928
5,0.2,13.9,-11.1883449200161
5,0.2,14,-11.5443459221945
5,0.2,14.1,-11.9179406146075
5,0.2,14.2,-12.3109348235321
5,0.2,14.3,-12.7254119451057
5,0.2,14.4,-13.1637908955092
5,0.2,14.5,-13.6288996268609
5,0.2,14.6,-14.1240695192612
5,0.2,14.7,-14.6532581958446
5,0.2,14.8,-15.2212116706715
5,0.2,14.9,-15.8336818905026
5,0.2,15,-16.4977237737053
5,0.2,15.1,-17.2221616290957
5,0.2,15.2,-18.0190318621582
5,0.2,15.3,-18.9037155865245
5,0.2,15.4,-19.8966524851419
5,0.2,15.5,-21.0261109938233
5,0.2,15.6,-22.3325934144269
5,0.2,15.7,-23.8765816309115
5,0.2,15.8,-25.7525806121086
5,0.2,15.9,-28.1133567915148
5,0.2,16,-31.187015797589
5,0.3,2,-0.873080778065034
5,0.3,2.1,-0.967663865297212
5,0.3,2.2,-1.06831064499699
5,0.3,2.3,-1.17535462145459
5,0.3,2.4,-1.28918145251594
5,0.3,2.5,-1.41023704671972
5,0.3,2.6,-1.53903713105483
5,0.3,2.7,-1.67617862954319
5,0.3,2.8,-1.82235328770766
5,0.3,2.9,-1.9783641035919
5,0.3,3,-2.14514529408821
5,0.3,3.1,-2.32378675289344
5,0.3,3.2,-2.51556426845727
5,0.3,3.3,-2.72197720427089
5,0.3,3.4,-2.94479595699357
5,0.3,3.5,-3.18612238959603
5,0.3,3.6,-3.44846772993001
5,0.3,3.7,-3.73485436525157
5,0.3,3.8,-4.04895094993071
5,0.3,3.9,-4.39525498092705
5,0.3,4,-4.77934477754233
5,0.3,4.1,-5.20823612876265
5,0.3,4.2,-5.69090287372538
5,0.3,4.3,-6.23906668696262
5,0.3,4.4,-6.86845674934295
5,0.3,4.5,-7.6009591777957
5,0.3,4.6,-8.4686535545306
5,0.3,4.7,-9.5225713483811
5,0.3,4.8,-10.8566577027991
5,0.3,4.9,-12.7039375601008
5,0.3,5,-15.627201826267
5,0.3,5.1,-15.4733628269455
5,0.3,5.2,-20.097957346815
5,0.3,5.3,-27.9083531503399
5,0.3,5.4,-24.9965897536832
5,0.3,5.5,-18.1527044897045
5,0.3,5.6,-14.1075679797976
5,0.3,5.7,-11.2882760158168
5,0.3,5.8,-9.13177221654465
5,0.3,5.9,-7.34844824643563
5,0.3,6,-5.89109190264983
5,0.3,6.1,-4.84754154091563
5,0.3,6.2,-3.89880211779541
5,0.3,6.3,-3.10628641533905
5,0.3,6.4,-2.45360835377139
5,0.3,6.5,-1.92226381071583
5,0.3,6.6,-1.49542968685838
5,0.3,6.7,-1.15805529687745
5,0.3,6.8,-0.896740205596365
5,0.3,6.9,-0.699653778553944
5,0.3,7,-0.55646972719157
5,0.3,7.1,-0.458284403812853
5,0.3,7.2,-0.397509023200757
5,0.3,7.3,-0.3677404065444
5,0.3,7.4,-0.363620499021225
5,0.3,7.5,-0.380695012431076
5,0.3,7.6,-0.415279141101309
5,0.3,7.7,-0.464335332201413
5,0.3,7.8,-0.525365509946067
5,0.3,7.9,-0.596318270155867
5,0.3,8,-0.675510363027162
5,0.3,8.1,-0.76156112590415
5,0.3,8.2,-0.853338251101933
5,0.3,8.3,-0.949913236945586
5,0.3,8.4,-1.05052496982181
5,0.3,8.5,-1.15455005146196
5,0.3,8.6,-1.26147867540024
5,0.3,8.7,-1.37089504463137
5,0.3,8.8,-1.4824614962321
5,0.3,8.9,-1.59590565309469
5,0.3,9,-1.71101005760412
5,0.3,9.1,-1.8276038595919
5,0.3,9.2,-1.94555623578323
5,0.3,9.3,-2.06477131687463
5,0.3,9.4,-2.1851845011822
5,0.3,9.5,-2.30676015630959
5,0.3,9.6,-2.42949088043723
5,0.3,9.7,-2.55339876618701
5,0.3,9.8,-2.67853959274889
5,0.3,9.9,-2.80501180804396
5,0.3,10,-2.9329741207712
5,0.3,10.1,-3.06267994299766
5,0.3,10.2,-3.19454779217521
5,0.3,10.3,-3.32931630823154
5,0.3,10.4,-3.46842331232084
5,0.3,10.5,-3.61507149805325
5,0.3,10.6,-3.7777797833215
5,0.3,10.7,-3.98248152381456
5,0.3,10.8,-4.17311363165701
5,0.3,10.9,-4.07176498081374
5,0.3,11,-4.18149341848776
5,0.3,11.1,-4.32604001490816
5,0.3,11.2,-4.47302083534952
5,0.3,11.3,-4.6202420735185
5,0.3,11.4,-4.76801190068847
5,0.3,11.5,-4.91676818994027
5,0.3,11.6,-5.06686081005563
5,0.3,11.7,-5.21856243286141
5,0.3,11.8,-5.37209582597797
5,0.3,11.9,-5.52765396317939
5,0.3,12,-5.68541318878852
5,0.3,12.1,-5.84554182719164
5,0.3,12.2,-6.00820601090162
5,0.3,12.3,-6.17357382689763
5,0.3,12.4,-6.34181843887513
5,0.3,12.5,-6.51312057899773
5,0.3,12.6,-6.68767064768513
5,0.3,12.7,-6.86567056826138
5,0.3,12.8,-7.04733548822713
5,0.3,12.9,-7.23289538534088
5,0.3,13,-7.42259661598823
5,0.3,13.1,-7.6167034305525
5,0.3,13.2,-7.81549947281787
5,0.3,13.3,-8.01928927617078
5,0.3,13.4,-8.22839976755269
5,0.3,13.5,-8.44318179020939
5,0.3,13.6,-8.66401165799976
5,0.3,13.7,-8.89129275725819
5,0.3,13.8,-9.12545721696201
5,0.3,13.9,-9.36696767433724
5,0.3,14,-9.61631917122288
5,0.3,14.1,-9.87404122675525
5,0.3,14.2,-10.1407001445644
5,0.3,14.3,-10.416901628118
5,0.3,14.4,-10.7032937966521
5,0.3,14.5,-11.0005707170089
5,0.3,14.6,-11.3094765945774
5,0.3,14.7,-11.6308108006591
5,0.3,14.8,-11.9654339556158
5,0.3,14.9,-12.3142753393911
5,0.3,15,-12.678341966563
5,0.3,15.1,-13.0611778097466
5,0.3,15.2,-13.4675011353162
5,0.3,15.3,-13.8979919382465
5,0.3,15.4,-14.3550963577827
5,0.3,15.5,-14.8417422656557
5,0.3,15.6,-15.3614580874518
5,0.3,15.7,-15.9185303875469
5,0.3,15.8,-16.5182167310595
5,0.3,15.9,-17.1670389962677
5,0.3,16,-17.8731964960371
5,0.4,2,-0.726216587274517
5,0.4,2.1,-0.804906697727032
5,0.4,2.2,-0.888511184442668
5,0.4,2.3,-0.977240451374926
5,0.4,2.4,-1.07133035664716
5,0.4,2.5,-1.17104534488809
5,0.4,2.6,-1.27668204074903
5,0.4,2.7,-1.38857338706192
5,0.4,2.8,-1.50709342922117
5,0.4,2.9,-1.6326628700124
5,0.4,3,-1.76575554757959
5,0.4,3.1,-1.906906025287
5,0.4,3.2,-2.05671852825505
5,0.4,3.3,-2.21587752058075
5,0.4,3.4,-2.38516029413633
5,0.4,3.5,-2.56545204057988
5,0.4,3.6,-2.75776401154804
5,0.4,3.7,-2.96325555039896
5,0.4,3.8,-3.18326102037557
5,0.4,3.9,-3.41932298515709
5,0.4,4,-3.67323345798891
5,0.4,4.1,-3.94708568494258
5,0.4,4.2,-4.24333985920596
5,0.4,4.3,-4.56490752324155
5,0.4,4.4,-4.91526144096856
5,0.4,4.5,-5.29858080476979
5,0.4,4.6,-5.71994644899608
5,0.4,4.7,-6.18560844254749
5,0.4,4.8,-6.70336115163023
5,0.4,4.9,-7.28308260742282
5,0.4,5,-7.93753368791499
5,0.4,5.1,-8.68358464454817
5,0.4,5.2,-9.54417806466962
5,0.4,5.3,-10.5516341341888
5,0.4,5.4,-11.7535770442086
5,0.4,5.5,-13.2244442796386
5,0.4,5.6,-15.0903106020934
5,0.4,5.7,-17.590710505911
5,0.4,5.8,-21.267508865097
5,0.4,5.9,-27.6760345854278
5,0.4,6,-31.429897271526
5,0.4,6.1,-22.9418360817418
5,0.4,6.2,-18.1481079352494
5,0.4,6.3,-14.9650156138665
5,0.4,6.4,-12.5903058018775
5,0.4,6.5,-10.7032521332412
5,0.4,6.6,-9.14653009949989
5,0.4,6.7,-7.83202701492337
5,0.4,6.8,-6.70565380814763
5,0.4,6.9,-5.73182140031503
5,0.4,7,-4.8857277614462
5,0.4,7.1,-4.14917756309919
5,0.4,7.2,-3.50816970819164
5,0.4,7.3,-2.95144504320282
5,0.4,7.4,-2.46959101403955
5,0.4,7.5,-2.05448553628117
5,0.4,7.6,-1.69895363775524
5,0.4,7.7,-1.39655863643902
5,0.4,7.8,-1.14147716639391
5,0.4,7.9,-0.928424495131094
5,0.4,8,-0.752608034072467
5,0.4,8.1,-0.609694950474355
5,0.4,8.2,-0.495785429991923
5,0.4,8.3,-0.407387021071774
5,0.4,8.4,-0.34138803436941
5,0.4,8.5,-0.295029512032035
5,0.4,8.6,-0.265876111468555
5,0.4,8.7,-0.251786604036592
5,0.4,8.8,-0.250884755368524
5,0.4,8.9,-0.261531263934062
5,0.4,9,-0.282297276677607
5,0.4,9.1,-0.311939829284562
5,0.4,9.2,-0.349379403054197
5,0.4,9.3,-0.393679663328385
5,0.4,9.4,-0.444029348879183
5,0.4,9.5,-0.499726215223424
5,0.4,9.6,-0.560162892776634
5,0.4,9.7,-0.624814497753545
5,0.4,9.8,-0.693227824777521
5,0.4,9.9,-0.765011951037166
5,0.4,10,-0.839830089151054
5,0.4,10.1,-0.917392537113476
5,0.4,10.2,-0.997450586939685
5,0.4,10.3,-1.07979126761446
5,0.4,10.4,-1.16423281181142
5,0.4,10.5,-1.25062074905481
5,0.4,10.6,-1.33882454022659
5,0.4,10.7,-1.4287346794334
5,0.4,10.8,-1.52026019919093
5,0.4,10.9,-1.61332652368809
5,0.4,11,-1.7078736226186
5,0.4,11.1,-1.80385442480845
5,0.4,11.2,-1.90123345671503
5,0.4,11.3,-1.99998567593273
5,0.4,11.4,-2.10009547419962
5,0.4,11.5,-2.2015558281577
5,0.4,11.6,-2.30436757934665
5,0.4,11.7,-2.40853882769102
5,0.4,11.8,-2.5140844251293
5,0.4,11.9,-2.62102555809328
5,0.4,12,-2.72938940932299
5,0.4,12.1,-2.83920889104253
5,0.4,12.2,-2.95052244286124
5,0.4,12.3,-3.06337388893407
5,0.4,12.4,-3.17781234994841
5,0.4,12.5,-3.293892206419
5,0.4,12.6,-3.41167311059685
5,0.4,12.7,-3.53122004504925
5,0.4,12.8,-3.65260342665941
5,0.4,12.9,-3.77589925545153
5,0.4,13,-3.9011893082733
5,0.4,13.1,-4.02856137798889
5,0.4,13.2,-4.15810955945467
5,0.4,13.3,-4.2899345841916
5,0.4,13.4,-4.42414420633779
5,0.4,13.5,-4.56085364318575
5,0.4,13.6,-4.70018607439242
5,0.4,13.7,-4.84227320482108
5,0.4,13.8,-4.98725589694963
5,0.4,13.9,-5.13528487988998
5,0.4,14,-5.28652154333627
5,0.4,14.1,-5.44113882623248
5,0.4,14.2,-5.59932221166671
5,0.4,14.3,-5.76127084151598
5,0.4,14.4,-5.92719876674133
5,0.4,14.5,-6.09733635205899
5,0.4,14.6,-6.27193185707952
5,0.4,14.7,-6.45125322004977
5,0.4,14.8,-6.63559007520079
5,0.4,14.9,-6.82525604060872
5,0.4,15,-7.02059132066112
5,0.4,15.1,-7.22196567602342
5,0.4,15.2,-7.42978182483482
5,0.4,15.3,-7.6444793522802
5,0.4,15.4,-7.86653922239853
5,0.4,15.5,-8.09648900694022
5,0.4,15.6,-8.33490897252512
5,0.4,15.7,-8.58243920095047
5,0.4,15.8,-8.83978796050887
5,0.4,15.9,-9.10774160166971
5,0.4,16,-9.38717632267632
5,0.5,2,-0.774091423842449
5,0.5,2.1,-0.854078858495608
5,0.5,2.2,-0.938669983077401
5,0.5,2.3,-1.02802463089571
5,0.5,2.4,-1.12232011755281
5,0.5,2.5,-1.22175350613711
5,0.5,2.6,-1.32654415183831
5,0.5,2.7,-1.43693657467687
5,0.5,2.8,-1.55320372005025
5,0.5,2.9,-1.67565067959082
5,0.5,3,-1.80461896024076
5,0.5,3.1,-1.94049140842427
5,0.5,3.2,-2.08369791989223
5,0.5,3.3,-2.23472209570682
5,0.5,3.4,-2.39410904287276
5,0.5,3.5,-2.56247456692648
5,0.5,3.6,-2.7405160669381
5,0.5,3.7,-2.92902552579952
5,0.5,3.8,-3.12890509727175
5,0.5,3.9,-3.34118593582579
5,0.5,4,-3.56705110987685
5,0.5,4.1,-3.807863704022
5,0.5,4.2,-4.06520158156965
5,0.5,4.3,-4.34090079041108
5,0.5,4.4,-4.6371103226246
5,0.5,4.5,-4.95636198954291
5,0.5,4.6,-5.30166072216833
5,0.5,4.7,-5.67660293377859
5,0.5,4.8,-6.08553415954938
5,0.5,4.9,-6.53376283090876
5,0.5,5,-7.02785619866969
5,0.5,5.1,-7.576059761515
5,0.5,5.2,-8.18890822154344
5,0.5,5.3,-8.88014431265529
5,0.5,5.4,-9.66815374503525
5,0.5,5.5,-10.5783092440614
5,0.5,5.6,-11.6470122584163
5,0.5,5.7,-12.9291281446346
5,0.5,5.8,-14.5127209153326
5,0.5,5.9,-16.5503339471305
5,0.5,6,-19.3245171730085
5,0.5,6.1,-23.3641538711653
5,0.5,6.2,-29.898044193739
5,0.5,6.3,-29.4654950159027
5,0.5,6.4,-22.3584333754123
5,0.5,6.5,-18.0549058746697
5,0.5,6.6,-15.0745339517271
5,0.5,6.7,-12.8010578001334
5,0.5,6.8,-10.9668821291845
5,0.5,6.9,-9.4352766582719
5,0.5,7,-8.12797550048169
5,0.5,7.1,-6.99642441664831
5,0.5,7.2,-6.00860603697752
5,0.5,7.3,-5.14230987148161
5,0.5,7.4,-4.38139472292663
5,0.5,7.5,-3.7135771582733
5,0.5,7.6,-3.12906353132071
5,0.5,7.7,-2.61968262377342
5,0.5,7.8,-2.17833371631585
5,0.5,7.9,-1.79864213416874
5,0.5,8,-1.47475397518526
5,0.5,8.1,-1.20122345232894
5,0.5,8.2,-0.972959454126389
5,0.5,8.3,-0.785207019210918
5,0.5,8.4,-0.633546418793012
5,0.5,8.5,-0.513898191820985
5,0.5,8.6,-0.422526992060421
5,0.5,8.7,-0.356040536894016
5,0.5,8.8,-0.311382363519304
5,0.5,8.9,-0.285818633239384
5,0.5,9,-0.276920061355469
5,0.5,9.1,-0.282540384626826
5,0.5,9.2,-0.300792788349794
5,0.5,9.3,-0.330025543346645
5,0.5,9.4,-0.368797851825508
5,0.5,9.5,-0.415856636028788
5,0.5,9.6,-0.470114762031031
5,0.5,9.7,-0.530630990036788
5,0.5,9.8,-0.596591786351162
5,0.5,9.9,-0.667295017957874
5,0.5,10,-0.742135472097764
5,0.5,10.1,-0.820592093157728
5,0.5,10.2,-0.90221680065044
5,0.5,10.3,-0.98662473912293
5,0.5,10.4,-1.07348580865386
5,0.5,10.5,-1.16251732946414
5,0.5,10.6,-1.25347770331704
5,0.5,10.7,-1.34616094585207
5,0.5,10.8,-1.4403919764204
5,0.5,10.9,-1.53602256447261
5,0.5,11,-1.63292784352368
5,0.5,11.1,-1.73100331486205
5,0.5,11.2,-1.83016227331325
5,0.5,11.3,-1.93033359645668
5,0.5,11.4,-2.03145984674489
5,0.5,11.5,-2.13349564303726
5,0.5,11.6,-2.23640626421895
5,0.5,11.7,-2.34016645291415
5,0.5,11.8,-2.44475939191392
5,0.5,11.9,-2.55017582991146
5,0.5,12,-2.65641333654889
5,0.5,12.1,-2.76347566971129
5,0.5,12.2,-2.87137224051453
5,0.5,12.3,-2.98011766359123
5,0.5,12.4,-3.08973138212713
5,0.5,12.5,-3.20023735869084
5,0.5,12.6,-3.31166382426795
5,0.5,12.7,-3.42404307909045
5,0.5,12.8,-3.53741133987578
5,0.5,12.9,-3.65180862897747
5,0.5,13,-3.76727870172682
5,0.5,13.1,-3.883869008929
5,0.5,13.2,-4.00163069208289
5,0.5,13.3,-4.1206186094385
5,0.5,13.4,-4.24089139149858
5,0.5,13.5,-4.36251152502397
5,0.5,13.6,-4.48554546502664
5,0.5,13.7,-4.61006377463668
5,0.5,13.8,-4.73614129312015
5,0.5,13.9,-4.86385733271069
5,0.5,14,-4.99329590530787
5,0.5,14.1,-5.12454598049609
5,0.5,14.2,-5.25770177675916
5,0.5,14.3,-5.39286308821499
5,0.5,14.4,-5.53013564968253
5,0.5,14.5,-5.66963154342884
5,0.5,14.6,-5.81146965154194
5,0.5,14.7,-5.95577615854537
5,0.5,14.8,-6.10268510963403
5,0.5,14.9,-6.25233903078196
5,0.5,15,-6.40488961797888
5,0.5,15.1,-6.56049850401698
5,0.5,15.2,-6.71933811260847
5,0.5,15.3,-6.88159261120769
5,0.5,15.4,-7.04745897578628
5,0.5,15.5,-7.2171481830313
5,0.5,15.6,-7.39088654807561
5,0.5,15.7,-7.56891722902305
5,0.5,15.8,-7.75150192331486
5,0.5,15.9,-7.93892278554788
5,0.5,16,-8.13148460188219
5,0.6,2,-0.723189678808907
5,0.6,2.1,-0.797546892671428
5,0.6,2.2,-0.875868761631466
5,0.6,2.3,-0.958260316511158
5,0.6,2.4,-1.04484148835047
5,0.6,2.5,-1.13574813105095
5,0.6,2.6,-1.23113317516681
5,0.6,2.7,-1.33116794598581
5,0.6,2.8,-1.43604368213494
5,0.6,2.9,-1.54597329481467
5,0.6,3,-1.66119341267435
5,0.6,3.1,-1.78196676359364
5,0.6,3.2,-1.90858495259498
5,0.6,3.3,-2.04137170522557
5,0.6,3.4,-2.18068665857719
5,0.6,3.5,-2.32692979838294
5,0.6,3.6,-2.48054666128447
5,0.6,3.7,-2.64203444765089
5,0.6,3.8,-2.81194922391889
5,0.6,3.9,-2.99091443656431
5,0.6,4,-3.17963101558141
5,0.6,4.1,-3.37888941797054
5,0.6,4.2,-3.58958405712278
5,0.6,4.3,-3.8127306904656
5,0.6,4.4,-4.04948750719577
5,0.6,4.5,-4.3011808876033
5,0.6,4.6,-4.56933712071763
5,0.6,4.7,-4.85572180561974
5,0.6,4.8,-5.16238928126179
5,0.6,4.9,-5.4917453190339
5,0.6,5,-5.8466276122154
5,0.6,5.1,-6.23041053382973
5,0.6,5.2,-6.64714358455019
5,0.6,5.3,-7.10173755208468
5,0.6,5.4,-7.60021976586504
5,0.6,5.5,-8.1500919657923
5,0.6,5.6,-8.76084497986381
5,0.6,5.7,-9.444721002305
5,0.6,5.8,-10.2178819809815
5,0.6,5.9,-11.1022746787888
5,0.6,6,-12.1287572320957
5,0.6,6.1,-13.3426669388441
5,0.6,6.2,-14.8145246531985
5,0.6,6.3,-16.6627825293873
5,0.6,6.4,-19.1091853936765
5,0.6,6.5,-22.6412157618268
5,0.6,6.6,-28.5759607385801
5,0.6,6.7,-33.4472900503847
5,0.6,6.8,-25.2459708435522
5,0.6,6.9,-20.2925728984929
5,0.6,7,-17.0176654383412
5,0.6,7.1,-14.5762024479954
5,0.6,7.2,-12.6296389775442
5,0.6,7.3,-11.0128607501034
5,0.6,7.4,-9.63394072168112
5,0.6,7.5,-8.43688022879947
5,0.6,7.6,-7.38528691562003
5,0.6,7.7,-6.45430969616201
5,0.6,7.8,-5.62627167740591
5,0.6,7.9,-4.88812935200837
5,0.6,8,-4.22990797484584
5,0.6,8.1,-3.6436953626641
5,0.6,8.2,-3.12297524238522
5,0.6,8.3,-2.66217882294998
5,0.6,8.4,-2.25638343556266
5,0.6,8.5,-1.90111380940381
5,0.6,8.6,-1.59221624294701
5,0.6,8.7,-1.32578438539649
5,0.6,8.8,-1.09812060796369
5,0.6,8.9,-0.905720624871083
5,0.6,9,-0.745271915314807
5,0.6,9.1,-0.613658941714724
5,0.6,9.2,-0.507970260276939
5,0.6,9.3,-0.425504380160967
5,0.6,9.4,-0.363772629715475
5,0.6,9.5,-0.320498332497826
5,0.6,9.6,-0.293612310362068
5,0.6,9.7,-0.281245166604312
5,0.6,9.8,-0.281717021034497
5,0.6,9.9,-0.293525433212416
5,0.6,10,-0.315332214874119
5,0.6,10.1,-0.345949741507467
5,0.6,10.2,-0.384327257900551
5,0.6,10.3,-0.429537554355795
5,0.6,10.4,-0.480764281626784
5,0.6,10.5,-0.537290079717457
5,0.6,10.6,-0.598485620503601
5,0.6,10.7,-0.66379960615572
5,0.6,10.8,-0.732749722649209
5,0.6,10.9,-0.804914517766463
5,0.6,11,-0.879926153372775
5,0.6,11.1,-0.957463970032185
5,0.6,11.2,-1.03724879619408
5,0.6,11.3,-1.11903793256512
5,0.6,11.4,-1.20262074356649
5,0.6,11.5,-1.2878147909594
5,0.6,11.6,-1.37446244904657
5,0.6,11.7,-1.46242794578458
5,0.6,11.8,-1.55159477928504
5,0.6,11.9,-1.64186346428426
5,0.6,12,-1.73314956805388
5,0.6,12.1,-1.82538199980524
5,0.6,12.2,-1.91850152185744
5,0.6,12.3,-2.01245945466897
5,0.6,12.4,-2.10721655127897
5,0.6,12.5,-2.20274201977971
5,0.6,12.6,-2.29901267517174
5,0.6,12.7,-2.39601220436413
5,0.6,12.8,-2.49373053020537
5,0.6,12.9,-2.5921632622941
5,0.6,13,-2.69131122395375
5,0.6,13.1,-2.79118004618607
5,0.6,13.2,-2.89177982067151
5,0.6,13.3,-2.99312480498183
5,0.6,13.4,-3.09523317413215
5,0.6,13.5,-3.19812681344364
5,0.6,13.6,-3.30183114843074
5,0.6,13.7,-3.4063750080817
5,0.6,13.8,-3.51179051848177
5,0.6,13.9,-3.61811302424351
5,0.6,14,-3.72538103567091
5,0.6,14.1,-3.83363619999906
5,0.6,14.2,-3.9429232954285
5,0.6,14.3,-4.05329024701908
5,0.6,14.4,-4.1647881638282
5,0.6,14.5,-4.2774713969786
5,0.6,14.6,-4.3913976186266
5,0.6,14.7,-4.50662792207707
5,0.6,14.8,-4.62322694356205
5,0.6,14.9,-4.7412630064701
5,0.6,15,-4.86080828908649
5,0.6,15.1,-4.98193901718815
5,0.6,15.2,-5.10473568313272
5,0.6,15.3,-5.2292832933982
5,0.6,15.4,-5.35567164686922
5,0.6,15.5,-5.48399564654103
5,0.6,15.6,-5.61435564772354
5,0.6,15.7,-5.74685784629078
5,0.6,15.8,-5.88161471103981
5,0.6,15.9,-6.01874546481536
5,0.6,16,-6.1583766197309
5,0.7,2,-0.721785405665245
5,0.7,2.1,-0.79419152606566
5,0.7,2.2,-0.870336227081207
5,0.7,2.3,-0.950281720973348
5,0.7,2.4,-1.03409806478912
5,0.7,2.5,-1.12186412635424
5,0.7,2.6,-1.21366859807213
5,0.7,2.7,-1.30961107515064
5,0.7,2.8,-1.40980321549826
5,0.7,2.9,-1.51436999978153
5,0.7,3,-1.62345111201795
5,0.7,3.1,-1.73720246362616
5,0.7,3.2,-1.8557978871283
5,0.7,3.3,-1.97943102980266
5,0.7,3.4,-2.10831748266148
5,0.7,3.5,-2.24269718637817
5,0.7,3.6,-2.38283716347394
5,0.7,3.7,-2.52903463554095
5,0.7,3.8,-2.68162059598311
5,0.7,3.9,-2.84096392328892
5,0.7,4,-3.00747613799835
5,0.7,4.1,-3.18161692932388
5,0.7,4.2,-3.36390060621674
5,0.7,4.3,-3.55490366439389
5,0.7,4.4,-3.75527370798048
5,0.7,4.5,-3.96574002542985
5,0.7,4.6,-4.18712619903866
5,0.7,4.7,-4.42036523236228
5,0.7,4.8,-4.66651781962262
5,0.7,4.9,-4.92679456935662
5,0.7,5,-5.20258325080976
5,0.7,5.1,-5.49548248504022
5,0.7,5.2,-5.80734379700011
5,0.7,5.3,-6.14032464655391
5,0.7,5.4,-6.49695606893169
5,0.7,5.5,-6.880230042665
5,0.7,5.6,-7.29371393210282
5,0.7,5.7,-7.7417027657452
5,0.7,5.8,-8.2294254700746
5,0.7,5.9,-8.76332982179651
5,0.7,6,-9.35148526051249
5,0.7,6.1,-10.0041674821124
5,0.7,6.2,-10.7347331946224
5,0.7,6.3,-11.560977041775
5,0.7,6.4,-12.5073289390353
5,0.7,6.5,-13.6086031679596
5,0.7,6.6,-14.9168234817812
5,0.7,6.7,-16.5147165240603
5,0.7,6.8,-18.5454347516982
5,0.7,6.9,-21.2882707787101
5,0.7,7,-25.3904713787597
5,0.7,7.1,-32.3679049768612
5,0.7,7.2,-31.2854402233685
5,0.7,7.3,-24.3953413891709
5,0.7,7.4,-20.2187928776383
5,0.7,7.5,-17.3003089481139
5,0.7,7.6,-15.0571609130308
5,0.7,7.7,-13.233327870662
5,0.7,7.8,-11.6962924237274
5,0.7,7.9,-10.3693106001009
5,0.7,8,-9.20432576219134
5,0.7,8.1,-8.16949305164576
5,0.7,8.2,-7.24279003783746
5,0.7,8.3,-6.40846298755129
5,0.7,8.4,-5.65491423616895
5,0.7,8.5,-4.97337504231541
5,0.7,8.6,-4.35703270912085
5,0.7,8.7,-3.80043485475335
5,0.7,8.8,-3.29907169857431
5,0.7,8.9,-2.84907866517339
5,0.7,9,-2.44702437351171
5,0.7,9.1,-2.08976180269632
5,0.7,9.2,-1.77432755829549
5,0.7,9.3,-1.49787815333576
5,0.7,9.4,-1.25765449450846
5,0.7,9.5,-1.05096718344124
5,0.7,9.6,-0.875196306771983
5,0.7,9.7,-0.727800360551515
5,0.7,9.8,-0.606329936806595
5,0.7,9.9,-0.508442795901427
5,0.7,10,-0.43191791102356
5,0.7,10.1,-0.374666942010584
5,0.7,10.2,-0.334742327780002
5,0.7,10.3,-0.310341755063323
5,0.7,10.4,-0.299809164237791
5,0.7,10.5,-0.301632706960804
5,0.7,10.6,-0.314440201824579
5,0.7,10.7,-0.33699267391142
5,0.7,10.8,-0.368176541148771
5,0.7,10.9,-0.406994949583544
5,0.7,11,-0.452558680348745
5,0.7,11.1,-0.504076966833441
5,0.7,11.2,-0.560848480184557
5,0.7,11.3,-0.62225266975939
5,0.7,11.4,-0.68774158473636
5,0.7,11.5,-0.756832254178538
5,0.7,11.6,-0.829099664711833
5,0.7,11.7,-0.904170346331386
5,0.7,11.8,-0.981716556165114
5,0.7,11.9,-1.06145103578369
5,0.7,12,-1.14312230845637
5,0.7,12.1,-1.22651047740644
5,0.7,12.2,-1.31142348361297
5,0.7,12.3,-1.39769378123238
5,0.7,12.4,-1.48517538963796
5,0.7,12.5,-1.5737412829224
5,0.7,12.6,-1.66328108012004
5,0.7,12.7,-1.75369900213456
5,0.7,12.8,-1.84491206423953
5,0.7,12.9,-1.93684847596534
5,0.7,13,-2.02944622317183
5,0.7,13.1,-2.12265181017449
5,0.7,13.2,-2.21641914305653
5,0.7,13.3,-2.31070853895153
5,0.7,13.4,-2.40548585041753
5,0.7,13.5,-2.500721699447
5,0.7,13.6,-2.59639082269907
5,0.7,13.7,-2.69247153882467
5,0.7,13.8,-2.78894536090733
5,0.7,13.9,-2.88579679243962
5,0.7,14,-2.98301336353095
5,0.7,14.1,-3.08058598318121
5,0.7,14.2,-3.1785096983978
5,0.7,14.3,-3.2767849517725
5,0.7,14.4,-3.37541939964021
5,0.7,14.5,-3.47443027118292
5,0.7,14.6,-3.57384709339116
5,0.7,14.7,-3.67371437240559
5,0.7,14.8,-3.77409354543865
5,0.7,14.9,-3.87506330434826
5,0.7,15,-3.97671741243786
5,0.7,15.1,-4.07915955703733
5,0.7,15.2,-4.18249562532055
5,0.7,15.3,-4.28682481009708
5,0.7,15.4,-4.3922316564294
5,0.7,15.5,-4.49878109241379
5,0.7,15.6,-4.6065175777011
5,0.7,15.7,-4.71546817736384
5,0.7,15.8,-4.82564827293848
5,0.7,15.9,-4.93706819217271
5,0.7,16,-5.04973928078662
5,0.8,2,-0.678538609941732
5,0.8,2.1,-0.746331907425271
5,0.8,2.2,-0.817414431775174
5,0.8,2.3,-0.891827967031597
5,0.8,2.4,-0.969620641656837
5,0.8,2.5,-1.05084723783406
5,0.8,2.6,-1.13556958554226
5,0.8,2.7,-1.22385704172467
5,0.8,2.8,-1.31578705585567
5,0.8,2.9,-1.41144582457403
5,0.8,3,-1.51092903970047
5,0.8,3.1,-1.61434273585267
5,0.8,3.2,-1.72180424600017
5,0.8,3.3,-1.83344327568544
5,0.8,3.4,-1.94940310931912
5,0.8,3.5,-2.06984196500276
5,0.8,3.6,-2.19493451783215
5,0.8,3.7,-2.32487361570454
5,0.8,3.8,-2.45987221644004
5,0.8,3.9,-2.60016558071922
5,0.8,4,-2.7460137621689
5,0.8,4.1,-2.89770444419648
5,0.8,4.2,-3.0555561832642
5,0.8,4.3,-3.21992213070091
5,0.8,4.4,-3.39119432051681
5,0.8,4.5,-3.56980862985658
5,0.8,4.6,-3.75625054281718
5,0.8,4.7,-3.95106187885437
5,0.8,4.8,-4.15484868591126
5,0.8,4.9,-4.36829054844545
5,0.8,5,-4.59215162544482
5,0.8,5.1,-4.82729381849182
5,0.8,5.2,-5.07469258223577
5,0.8,5.3,-5.33545603959553
5,0.8,5.4,-5.61084826650561
5,0.8,5.5,-5.90231788772458
5,0.8,5.6,-6.21153350826639
5,0.8,5.7,-6.54042804274148
5,0.8,5.8,-6.89125477138612
5,0.8,5.9,-7.26665906252005
5,0.8,6,-7.66977134118588
5,0.8,6.1,-8.10432935414763
5,0.8,6.2,-8.57484158707616
5,0.8,6.3,-9.08680970072342
5,0.8,6.4,-9.6470376175154
5,0.8,6.5,-10.2640712644117
5,0.8,6.6,-10.9488414502368
5,0.8,6.7,-11.7156339767765
5,0.8,6.8,-12.5836093425283
5,0.8,6.9,-13.5792924953799
5,0.8,7,-14.7408809265468
5,0.8,7.1,-16.1262242292443
5,0.8,7.2,-17.8289467438866
5,0.8,7.3,-20.0149577753166
5,0.8,7.4,-23.0185786207553
5,0.8,7.5,-27.6384336471334
5,0.8,7.6,-34.7594012384158
5,0.8,7.7,-29.9688337671321
5,0.8,7.8,-24.0565703314748
5,0.8,7.9,-20.3183956788712
5,0.8,8,-17.6222667568524
5,0.8,8.1,-15.5124498781627
5,0.8,8.2,-13.7770095484378
5,0.8,8.3,-12.3020114031251
5,0.8,8.4,-11.0196976668657
5,0.8,8.5,-9.88677564236581
5,0.8,8.6,-8.87408232271042
5,0.8,8.7,-7.96116110472992
5,0.8,8.8,-7.13319675185455
5,0.8,8.9,-6.37920086788397
5,0.8,9,-5.69091695948153
5,0.8,9.1,-5.06207491712576
5,0.8,9.2,-4.48773912245348
5,0.8,9.3,-3.96382145864333
5,0.8,9.4,-3.48684598764
5,0.8,9.5,-3.05381845011907
5,0.8,9.6,-2.6621016392755
5,0.8,9.7,-2.30930250214323
5,0.8,9.8,-1.99318543048036
5,0.8,9.9,-1.71161236032167
5,0.8,10,-1.46250497488735
5,0.8,10.1,-1.24382396223652
5,0.8,10.2,-1.05356098611563
5,0.8,10.3,-0.88973971311557
5,0.8,10.4,-0.750422809065177
5,0.8,10.5,-0.63372233734951
5,0.8,10.6,-0.537811500097677
5,0.8,10.7,-0.460936160940227
5,0.8,10.8,-0.40142505660274
5,0.8,10.9,-0.357698021321065
5,0.8,11,-0.328271895579614
5,0.8,11.1,-0.311764060630332
5,0.8,11.2,-0.306893733271508
5,0.8,11.3,-0.312481279003392
5,0.8,11.4,-0.327445867655553
5,0.8,11.5,-0.350801817211311
5,0.8,11.6,-0.381653961775028
5,0.8,11.7,-0.419192349747422
5,0.8,11.8,-0.462686537398977
5,0.8,11.9,-0.511479697948416
5,0.8,12,-0.564982721649702
5,0.8,12.1,-0.622668441198719
5,0.8,12.2,-0.684066080585296
5,0.8,12.3,-0.748755994960402
5,0.8,12.4,-0.816364744147261
5,0.8,12.5,-0.886560522694326
5,0.8,12.6,-0.95904895422968
5,0.8,12.7,-1.03356924664425
5,0.8,12.8,-1.1098906966134
5,0.8,12.9,-1.18780952652857
5,0.8,13,-1.26714603349292
5,0.8,13.1,-1.34774202815565
5,0.8,13.2,-1.42945854043253
5,0.8,13.3,-1.51217376926219
5,0.8,13.4,-1.59578125422847
5,0.8,13.5,-1.68018824794891
5,0.8,13.6,-1.76531426943454
5,0.8,13.7,-1.8510898200607
5,0.8,13.8,-1.93745524527392
5,0.8,13.9,-2.0243597266324
5,0.8,14,-2.11176039021005
5,0.8,14.1,-2.19962151874885
5,0.8,14.2,-2.28791385621696
5,0.8,14.3,-2.37661399460452
5,0.8,14.4,-2.46570383387129
5,0.8,14.5,-2.55517010694213
5,0.8,14.6,-2.64500396254115
5,0.8,14.7,-2.7352005994574
5,0.8,14.8,-2.8257589465657
5,0.8,14.9,-2.91668138357083
5,0.8,15,-3.00797349803305
5,0.8,15.1,-3.09964387475114
5,0.8,15.2,-3.19170391405049
5,0.8,15.3,-3.28416767594087
5,0.8,15.4,-3.37705174748577
5,0.8,15.5,-3.47037513106194
5,0.8,15.6,-3.56415915149154
5,0.8,15.7,-3.65842738030293
5,0.8,15.8,-3.75320557562501
5,0.8,15.9,-3.84852163644369
5,0.8,16,-3.94440557015774
5,0.9,2,-0.688540637118073
5,0.9,2.1,-0.756203658270088
5,0.9,2.2,-0.827051770749091
5,0.9,2.3,-0.901100109010745
5,0.9,2.4,-0.978367802286412
5,0.9,2.5,-1.05887833518647
5,0.9,2.6,-1.14265991942666
5,0.9,2.7,-1.22974589202351
5,0.9,2.8,-1.32017514949806
5,0.9,2.9,-1.4139926243864
5,0.9,3,-1.51124980884147
5,0.9,3.1,-1.61200532970356
5,0.9,3.2,-1.71632557971148
5,0.9,3.3,-1.82428541027549
5,0.9,3.4,-1.93596889230029
5,0.9,3.5,-2.05147015286444
5,0.9,3.6,-2.17089429711259
5,0.9,3.7,-2.2943584265097
5,0.9,3.8,-2.42199276667805
5,0.9,3.9,-2.55394192044299
5,0.9,4,-2.69036626452594
5,0.9,4.1,-2.83144351163878
5,0.9,4.2,-2.9773704636735
5,0.9,4.3,-3.12836498639416
5,0.9,4.4,-3.2846682417194
5,0.9,4.5,-3.4465472205724
5,0.9,4.6,-3.61429762768349
5,0.9,4.7,-3.78824718005623
5,0.9,4.8,-3.96875939356711
5,0.9,4.9,-4.15623794803621
5,0.9,5,-4.35113174096665
5,0.9,5.1,-4.5539407651813
5,0.9,5.2,-4.765222977355
5,0.9,5.3,-4.98560236507281
5,0.9,5.4,-5.21577847242512
5,0.9,5.5,-5.45653771225502
5,0.9,5.6,-5.70876688252646
5,0.9,5.7,-5.97346942265744
5,0.9,5.8,-6.25178510412654
5,0.9,5.9,-6.54501406417858
5,0.9,6,-6.85464638538198
5,0.9,6.1,-7.18239883182071
5,0.9,6.2,-7.53026092722976
5,0.9,6.3,-7.90055338195613
5,0.9,6.4,-8.29600307052937
5,0.9,6.5,-8.71984053213597
5,0.9,6.6,-9.17592864413788
5,0.9,6.7,-9.66893526238847
5,0.9,6.8,-10.204569199237
5,0.9,6.9,-10.7899096533842
5,0.9,7,-11.4338773330136
5,0.9,7.1,-12.1479272556856
5,0.9,7.2,-12.9471012211798
5,0.9,7.3,-13.8516894070332
5,0.9,7.4,-14.8899776722965
5,0.9,7.5,-16.1030539629314
5,0.9,7.6,-17.5538315629745
5,0.9,7.7,-19.3455868462403
5,0.9,7.8,-21.6647966807216
5,0.9,7.9,-24.8961287028455
5,0.9,8,-29.9579269427324
5,0.9,8.1,-36.0001120129704
5,0.9,8.2,-29.6111755504896
5,0.9,8.3,-24.3465566482537
5,0.9,8.4,-20.8905017508687
5,0.9,8.5,-18.3432686454695
5,0.9,8.6,-16.3345365526702
5,0.9,8.7,-14.7032846268983
5,0.9,8.8,-13.2645059643454
5,0.9,8.9,-11.9982325928573
5,0.9,9,-10.8768172685781
5,0.9,9.1,-9.869761080786
5,0.9,9.2,-8.95658821318598
5,0.9,9.3,-8.12276048699067
5,0.9,9.4,-7.35757375581879
5,0.9,9.5,-6.65295460541551
5,0.9,9.6,-6.00270174004237
5,0.9,9.7,-5.40197678880031
5,0.9,9.8,-4.8469465985933
5,0.9,9.9,-4.33452273072145
5,0.9,10,-3.86216619479199
5,0.9,10.1,-3.42773787620559
5,0.9,10.2,-3.02938241598814
5,0.9,10.3,-2.66543773004101
5,0.9,10.4,-2.33436506280652
5,0.9,10.5,-2.03469609727733
5,0.9,10.6,-1.7649945723968
5,0.9,10.7,-1.52383034013025
5,0.9,10.8,-1.30976400380012
5,0.9,10.9,-1.12134034607261
5,0.9,11,-0.957088773538275
5,0.9,11.1,-0.815529038858329
5,0.9,11.2,-0.695180586966492
5,0.9,11.3,-0.594574020951542
5,0.9,11.4,-0.512263389717814
5,0.9,11.5,-0.446838245276061
5,0.9,11.6,-0.396934679368907
5,0.9,11.7,-0.361244804376908
5,0.9,11.8,-0.338524373674238
5,0.9,11.9,-0.327598429632136
5,0.9,12,-0.327365017577534
5,0.9,12.1,-0.336797111039685
5,0.9,12.2,-0.354942961432341
5,0.9,12.3,-0.380925120212099
5,0.9,12.4,-0.413938390803889
5,0.9,12.5,-0.453246958367364
5,0.9,12.6,-0.498180924192081
5,0.9,12.7,-0.548132443408273
5,0.9,12.8,-0.602551633810493
5,0.9,12.9,-0.660942392779264
5,0.9,13,-0.722858230430982
5,0.9,13.1,-0.787898201315665
5,0.9,13.2,-0.855702994721722
5,0.9,13.3,-0.925951225028351
5,0.9,13.4,-0.99835594839792
5,0.9,13.5,-1.07266142009721
5,0.9,13.6,-1.14864009747594
5,0.9,13.7,-1.22608988669705
5,0.9,13.8,-1.30483162629837
5,0.9,13.9,-1.38470679720607
5,0.9,14,-1.46557544659201
5,0.9,14.1,-1.54731431169798
5,0.9,14.2,-1.62981512921679
5,0.9,14.3,-1.71298311584106
5,0.9,14.4,-1.7967356060294
5,0.9,14.5,-1.88100083379477
5,0.9,14.6,-1.9657168463274
5,0.9,14.7,-2.05083053849877
5,0.9,14.8,-2.13629679876906
5,0.9,14.9,-2.22207775881448
5,0.9,15,-2.30814214146433
5,0.9,15.1,-2.39446470459761
5,0.9,15.2,-2.48102578305902
5,0.9,15.3,-2.56781093745711
5,0.9,15.4,-2.65481072987578
5,0.9,15.5,-2.74202066593752
5,0.9,15.6,-2.82944137818228
5,0.9,15.7,-2.91707919418683
5,0.9,15.8,-3.00494737193994
5,0.9,15.9,-3.0930685839337
5,0.9,16,-3.18147991367452
5,1,2,-0.648320800647681
5,1,2.1,-0.711578675279117
5,1,2.2,-0.777755620770769
5,1,2.3,-0.84685682095719
5,1,2.4,-0.9188892536009
5,1,2.5,-0.993862131103994
5,1,2.6,-1.07178733772408
5,1,2.7,-1.15267986464099
5,1,2.8,-1.23655824530028
5,1,2.9,-1.32344499412202
5,1,3,-1.41336705210562
5,1,3.1,-1.50635624320306
5,1,3.2,-1.60244974564744
5,1,3.3,-1.70169058275822
5,1,3.4,-1.8041281381271
5,1,3.5,-1.90981870054133
5,1,3.6,-2.01882604454148
5,1,3.7,-2.13122205315373
5,1,3.8,-2.24708739010154
5,1,3.9,-2.36651222970682
5,1,4,-2.4895970537625
5,1,4.1,-2.61645352592573
5,1,4.2,-2.74720545568238
5,1,4.3,-2.88198986571322
5,1,4.4,-3.02095817861056
5,1,4.5,-3.16427754141912
5,1,4.6,-3.31213230949925
5,1,4.7,-3.46472571484299
5,1,4.8,-3.62228174835685
5,1,4.9,-3.78504729093689
5,1,5,-3.95329453462721
5,1,5.1,-4.12732374306335
5,1,5.2,-4.30746641012892
5,1,5.3,-4.49408888778001
5,1,5.4,-4.68759656894686
5,1,5.5,-4.88843873013371
5,1,5.6,-5.09711416190041
5,1,5.7,-5.31417774528654
5,1,5.8,-5.5402481703992
5,1,5.9,-5.77601704250825
5,1,6,-6.02225968475174
5,1,6.1,-6.2798480300488
5,1,6.2,-6.54976610519914
5,1,6.3,-6.83312875757053
5,1,6.4,-7.13120447383739
5,1,6.5,-7.44544341222125
5,1,6.6,-7.77751214609585
5,1,6.7,-8.1293371450286
5,1,6.8,-8.50315977183983
5,1,6.9,-8.90160666417685
5,1,7,-9.32778097660294
5,1,7.1,-9.78538237799013
5,1,7.2,-10.2788674201533
5,1,7.3,-10.8136677617493
5,1,7.4,-11.3964932456042
5,1,7.5,-12.0357627448494
5,1,7.6,-12.7422332920367
5,1,7.7,-13.5299478670779
5,1,7.8,-14.41771671075
5,1,7.9,-15.4315364411892
5,1,8,-16.6087572009283
5,1,8.1,-18.005751302118
5,1,8.2,-19.713255623306
5,1,8.3,-21.8905508998379
5,1,8.4,-24.8526438452222
5,1,8.5,-29.3163781881582
5,1,8.6,-35.849649317933
5,1,8.7,-31.937286802755
5,1,8.8,-26.1594085417867
5,1,8.9,-22.4159966150486
5,1,9,-19.6870464299208
5,1,9.1,-17.5864010728516
5,1,9.2,-16.15824698463
5,1,9.3,-14.6253057367845
5,1,9.4,-13.2945465401562
5,1,9.5,-12.1297753062488
5,1,9.6,-11.0899701338472
5,1,9.7,-10.1495344560874
5,1,9.8,-9.29115288865985
5,1,9.9,-8.50241697303082
5,1,10,-7.77410680032053
5,1,10.1,-7.09920170694001
5,1,10.2,-6.47225870211593
5,1,10.3,-5.88899696345274
5,1,10.4,-5.34600673613345
5,1,10.5,-4.84053754898913
5,1,10.6,-4.37033924606445
5,1,10.7,-3.93353956601814
5,1,10.8,-3.52854798730609
5,1,10.9,-3.15397921415958
5,1,11,-2.80859197501493
5,1,11.1,-2.49124026116968
5,1,11.2,-2.2008350452745
5,1,11.3,-1.93631506704726
5,1,11.4,-1.69662557569895
5,1,11.5,-1.48070405918254
5,1,11.6,-1.28747203321031
5,1,11.7,-1.11583195736991
5,1,11.8,-0.964668328856228
5,1,11.9,-0.832852002206464
5,1,12,-0.719246811031799
5,1,12.1,-0.622717630436377
5,1,12.2,-0.542139114108068
5,1,12.3,-0.476404460064675
5,1,12.4,-0.424433693015474
5,1,12.5,-0.385181088051157
5,1,12.6,-0.357641490004031
5,1,12.7,-0.340855397832056
5,1,12.8,-0.333912779101655
5,1,12.9,-0.335955654127035
5,1,13,-0.346179542860582
5,1,13.1,-0.363833902143518
5,1,13.2,-0.388221699312737
5,1,13.3,-0.418698273733782
5,1,13.4,-0.45466963388433
5,1,13.5,-0.495590327147483
5,1,13.6,-0.540961005019289
5,1,13.7,-0.590325790008592
5,1,13.8,-0.643269533612981
5,1,13.9,-0.699415038451845
5,1,14,-0.758420302598558
5,1,14.1,-0.819975830764528
5,1,14.2,-0.883802045404847
5,1,14.3,-0.949646821046867
5,1,14.4,-1.01728315709088
5,1,14.5,-1.08650699784135
5,1,14.6,-1.15713520341232
5,1,14.7,-1.22900367121474
5,1,14.8,-1.30196560479331
5,1,14.9,-1.37588992465495
5,1,15,-1.45065981427053
5,1,15.1,-1.52617139349634
5,1,15.2,-1.60233251113939
5,1,15.3,-1.6790616481834
5,1,15.4,-1.7562869232219
5,1,15.5,-1.83394519184753
5,1,15.6,-1.91198123207101
5,1,15.7,-1.99034700824914
5,1,15.8,-2.06900100645785
5,1,15.9,-2.14790763473062
5,1,16,-2.22703668207465
